ImageDataset,Epochs,FDC,LocalMaxima,Modality
Cifar10,12,-0.20256304405403622,39,0.002496
Cifar10,200,-0.23385992229854316,31,0.001984
Cifar100,12,-0.3588720603925726,27,0.001728
Cifar100,200,-0.26337987466568535,41,0.002624
ImageNet16,12,-0.35924169176205356,16,0.001024
ImageNet16,200,-0.3119450167385214,48,0.003072
