{
    "1": 0.6422388269109246,
    "2": 0.4381893560717278,
    "3": 0.29991949104215165,
    "4": 0.2075604809417814,
    "5": 0.14231937864896244,
    "6": 0.09121603219096822,
    "7": 0.05293641220811622,
    "8": 0.030687513071673597,
    "9": 0.014094922790640332,
    "10": -0.002788868929488789,
    "11": -0.016385499253009125,
    "12": -0.023177600647540465,
    "13": -0.031506022669112836,
    "14": -0.03030556073848685,
    "15": -0.03933057868862698,
    "16": -0.03931729922219305,
    "17": -0.044324083013151425,
    "18": -0.037994530126468445,
    "19": -0.03549377677152287,
    "20": -0.02904988693565584
}