{"1": 0.6386007449493835, "2": 0.4335028393302614, "3": 0.2938616702217238, "4": 0.1954360600132437, "5": 0.13020223587519777, "6": 0.0882661575072663, "7": 0.05189892031387467, "8": 0.024983933114134237, "9": 0.006024379521418223, "10": -0.005631723410516425, "11": -0.011396112919659735, "12": -0.012910698681980073, "13": -0.018361206244169936, "14": -0.022547583362410806, "15": -0.026511221486887636, "16": -0.026006731697630455, "17": -0.034300729803727524, "18": -0.036451292646027186, "19": -0.03976666263376717, "20": -0.046810048221285865}