{"1": 0.6386007449493836, "2": 0.43350283933026135, "3": 0.2938616702217239, "4": 0.19543606001324373, "5": 0.13020223587519775, "6": 0.0882661575072663, "7": 0.05189892031387467, "8": 0.024983933114134237, "9": 0.006024379521418223, "10": -0.005631723410516428, "11": -0.01139611291965974, "12": -0.012910698681980077, "13": -0.018361206244169936, "14": -0.022547583362410827, "15": -0.02651122148688763, "16": -0.026006731697630455, "17": -0.03430072980372751, "18": -0.036451292646027186, "19": -0.03976666263376718, "20": -0.04681004822128585}