{"maxFitness": 47.31111105685764, "avgFitnessDiffFromMax": -13.72471750121661, "FDC": [-0.316252821992586, 0.0], "spearmanr": [-0.3269990563112982, 0.0], "kendalltau": [-0.2502206271407891, 0.0], "numLocalMaxima": 36, "modality": 0.002304, "localMaximaPearsonr": [-0.6171823058182369, 6.08837801122982e-05], "localMaximaSpearmanr": [-0.631056593024802, 3.6857498124023084e-05], "localMaximaKendallTau": [-0.5050056147875249, 6.574850023168311e-05], "numWeakBasins": 36, "avgWeakBasinSize": 14337.805555555555, "weakBasinExtent": 0.997696, "fitnessWeakBasinSizePearsonr": [0.9818703642659394, 3.8317618754462216e-26], "globalMaxWeakBasinExtent": 0.994432, "numStrongBasins": 14, "avgStrongBasinSize": 2.2857142857142856, "strongBasinExtent": 0.002048, "globalMaxStrongBasinExtent": 6.4e-05, "numNeutralNets": 46, "avgNeutralNetSize": 5.413043478260869, "maxNeutralNetSize": 67, "largestNeutralNetFitness": 0.8333333324856228, "largestNeutralNetUniquePhenotypes": 5, "largestNeutralNetUniqueNeighborGenotypes": 974, "largestNeutralNetUniqueNeighborPhenotypes": 182, "largestNeutralNetMaxEditDistance": 6, "largestNeutralNetAvgEditDistance": 4.831750339213026, "largestNeutralNetPercolationIndex": 745, "correlationLength": 2.22977455701066}