{
    "1": 0.5136247890678944,
    "2": 0.30277823467728854,
    "3": 0.1856508864631239,
    "4": 0.11880458325441806,
    "5": 0.07525419415998703,
    "6": 0.0510800412223689,
    "7": 0.029841624566028055,
    "8": 0.011700376560257193,
    "9": -6.352849532434514e-05,
    "10": -0.013756884863934962,
    "11": -0.03071416205623374,
    "12": -0.029333582860739327,
    "13": -0.03229275741438435,
    "14": -0.03579743222429984,
    "15": -0.037442029920308595,
    "16": -0.038024986299866746,
    "17": -0.041389433315942706,
    "18": -0.04329041370640254,
    "19": -0.037452018300276155,
    "20": -0.027581718156703697
}