{
    "FDC": [
        -0.21989363493215405,
        2.117877297587987e-170
    ],
    "spearmanr": [
        -0.4144124921393648,
        0.0
    ],
    "kendalltau": [
        -0.3200485800074213,
        0.0
    ],
    "numLocalMaxima": 18,
    "modality": 0.001152,
    "numWeakBasins": 18,
    "avgWeakBasinSize": 13222.611111111111,
    "weakBasinExtent": 0.998912,
    "globalMaxWeakBasinExtent": 0.994816,
    "numStrongBasins": 4,
    "avgStrongBasinSize": 9.0,
    "strongBasinExtent": 0.002304,
    "globalMaxStrongBasinExtent": 0.00032,
    "numNeutralNets": 249,
    "avgNeutralNetSize": 3.4096385542168677,
    "maxNeutralNetSize": 341,
    "correlationLength": 1.9469465284468837
}