{
    "1": 0.5701236219742006,
    "2": 0.34950230708740043,
    "3": 0.22372611346364338,
    "4": 0.13935869555484315,
    "5": 0.09148309226907077,
    "6": 0.06106299287007694,
    "7": 0.03832958363524315,
    "8": 0.0165815195279751,
    "9": 0.003856747069957175,
    "10": -0.006422792276121173,
    "11": -0.009710288754435558,
    "12": -0.01404298777176365,
    "13": -0.02025771522255406,
    "14": -0.03938344118339626,
    "15": -0.041596600215942345,
    "16": -0.04809427581106191,
    "17": -0.05035240597201938,
    "18": -0.055522509315407385,
    "19": -0.056847043989028935,
    "20": -0.06068480145346644
}