{"1": 0.5581361658741402, "2": 0.34085484800275756, "3": 0.2288541696324849, "4": 0.15585885216074868, "5": 0.10367682238793277, "6": 0.05837326771778446, "7": 0.03688478316704477, "8": 0.016307027492621175, "9": -0.0037094154570861686, "10": -0.006375065774409779, "11": -0.01740589668324361, "12": -0.021419083680834453, "13": -0.026334345459484893, "14": -0.03352371401057383, "15": -0.04241624175408707, "16": -0.05270601217093917, "17": -0.05287178503203641, "18": -0.04665684505913175, "19": -0.03762875216487167, "20": -0.03412217763779475}