{"1": 0.5581361658741403, "2": 0.34085484800275756, "3": 0.2288541696324848, "4": 0.1558588521607487, "5": 0.10367682238793273, "6": 0.05837326771778446, "7": 0.03688478316704478, "8": 0.016307027492621175, "9": -0.0037094154570861647, "10": -0.006375065774409786, "11": -0.017405896683243615, "12": -0.02141908368083447, "13": -0.026334345459484893, "14": -0.03352371401057382, "15": -0.04241624175408707, "16": -0.05270601217093917, "17": -0.052871785032036434, "18": -0.04665684505913175, "19": -0.03762875216487167, "20": -0.034122177637794744}