{"maxFitness": 73.51333326009114, "avgFitnessDiffFromMax": -12.107828430468341, "FDC": [-0.3089504696796828, 0.0], "spearmanr": [-0.4666351601470174, 0.0], "kendalltau": [-0.36301801704439235, 0.0], "numLocalMaxima": 24, "modality": 0.001536, "localMaximaPearsonr": [-0.822466463644101, 8.160626902327391e-07], "localMaximaSpearmanr": [-0.7916054698174362, 4.078239521659679e-06], "localMaximaKendallTau": [-0.6844750773765322, 1.809516626491781e-05], "numWeakBasins": 24, "avgWeakBasinSize": 13245.083333333334, "weakBasinExtent": 0.998464, "fitnessWeakBasinSizePearsonr": [0.9146098118214967, 4.068710255371725e-10], "globalMaxWeakBasinExtent": 0.997248, "numStrongBasins": 8, "avgStrongBasinSize": 7.875, "strongBasinExtent": 0.004032, "globalMaxStrongBasinExtent": 0.003264, "numNeutralNets": 35, "avgNeutralNetSize": 7.457142857142857, "maxNeutralNetSize": 63, "largestNeutralNetFitness": 0.9999999994913736, "largestNeutralNetUniquePhenotypes": 5, "largestNeutralNetUniqueNeighborGenotypes": 917, "largestNeutralNetUniqueNeighborPhenotypes": 177, "largestNeutralNetMaxEditDistance": 6, "largestNeutralNetAvgEditDistance": 4.824884792626728, "largestNeutralNetPercolationIndex": 690, "correlationLength": 1.7148178325304175}