{"1": 0.5204330516516593, "2": 0.3060606036889009, "3": 0.19955881859330446, "4": 0.13329489687934906, "5": 0.08616976857813807, "6": 0.05466195743695288, "7": 0.019013419796193417, "8": -0.004973726846930671, "9": -0.01912401916454963, "10": -0.02798981955005658, "11": -0.028144716388064962, "12": -0.02598575405281321, "13": -0.02145525787393329, "14": -0.021925170859720407, "15": -0.026589364686885903, "16": -0.027973641325352884, "17": -0.02572246880004037, "18": -0.037278813627984325, "19": -0.03824851636900039, "20": -0.04110784526726746}