{"1": 0.5204330516516592, "2": 0.3060606036889009, "3": 0.19955881859330446, "4": 0.13329489687934906, "5": 0.08616976857813807, "6": 0.05466195743695288, "7": 0.019013419796193413, "8": -0.00497372684693067, "9": -0.01912401916454962, "10": -0.027989819550056576, "11": -0.028144716388064973, "12": -0.02598575405281321, "13": -0.021455257873933292, "14": -0.02192517085972041, "15": -0.026589364686885913, "16": -0.02797364132535288, "17": -0.02572246880004038, "18": -0.037278813627984325, "19": -0.03824851636900039, "20": -0.04110784526726746}