{"FDC": [-0.21989363493215405, 2.117877297587987e-170], "spearmanr": [-0.4144124921393648, 0.0], "kendalltau": [-0.3200485800074213, 0.0], "numLocalMaxima": 17, "modality": 0.001088, "localMaximaPearsonr": [-0.8741246640106419, 4.49818024746111e-06], "localMaximaSpearmanr": [-0.8649738057334064, 7.406049540495347e-06], "localMaximaKendallTau": [-0.7223321039731898, 0.00018962443357838644], "numWeakBasins": 17, "avgWeakBasinSize": 13122.058823529413, "weakBasinExtent": 0.998912, "globalMaxWeakBasinExtent": 0.994816, "numStrongBasins": 4, "avgStrongBasinSize": 10.0, "strongBasinExtent": 0.00256, "globalMaxStrongBasinExtent": 0.00032, "numNeutralNets": 249, "avgNeutralNetSize": 3.4096385542168677, "maxNeutralNetSize": 341, "correlationLength": 1.9214767333211737}